timestamp,gesture_id,gesture_name,raw_scale_wrist_mcp,raw_scale_palm_width,scale_used,x0,y0,x1,y1,x2,y2,x3,y3,x4,y4,x5,y5,x6,y6,x7,y7,x8,y8,x9,y9,x10,y10,x11,y11,x12,y12,x13,y13,x14,y14,x15,y15,x16,y16,x17,y17,x18,y18,x19,y19,x20,y20
2025-10-21T12:34:33.013334,0,null,0.25635812755730775,0.12531112242654435,0.25635812755730775,0.0,0.0,-0.25118672611387666,-0.0219196775401184,-0.4815646854102651,-0.2193825472026452,-0.6511682950043538,-0.39705455861689165,-0.6864858627664988,-0.7009921061519365,-0.42268455706779545,-0.8596772629342391,-0.5002876464318731,-1.2259731030970584,-0.5752441270149335,-1.2867908150533913,-0.5937229573838079,-1.1589315707810088,-0.2803924248584871,-0.9598854557091578,-0.3606277076698013,-1.4267481282010313,-0.41990030509971327,-1.3957164484266642,-0.4319113007088288,-1.1467286419777678,-0.12095720570883317,-0.9738285710556231,-0.17814306732133073,-1.4363156084816657,-0.23742473246120144,-1.4053418225478043,-0.24570215662117592,-1.149446397406153,0.06340398559031724,-0.9112120811994099,0.05089380092270713,-1.2899689311412172,-0.008723834496401867,-1.284868925552918,-0.045573845241564,-1.0697070485779636
2025-10-21T12:34:37.481418,0,null,0.21797153458411844,0.1993715936483565,0.21797153458411844,0.0,0.0,-0.2297304399694812,-0.45008668880229075,-0.4715239197511947,-0.8804881504657373,-0.6715632684622915,-1.2095856727675567,-0.8200570079652962,-1.512916679850008,-0.4267525247442275,-1.1546722347901972,-0.8112485879981287,-1.2545892281045912,-1.0349291868104755,-1.1360255764777314,-1.1868714232775293,-0.9821270679243399,-0.3263813284754854,-0.9452381860793486,-0.7983854290742631,-0.9031512645238182,-1.0528320570219016,-0.6661628746360283,-1.1960175558567496,-0.4632142753341363,-0.23631378501820705,-0.6369812235365547,-0.6817192574595783,-0.5831358871484091,-0.9290096594497855,-0.3770833397822144,-1.075438840069389,-0.22530216625321678,-0.165732122550634,-0.2780389302290037,-0.5282112376592326,-0.2233483552304485,-0.7426762472093942,-0.15277845117770805,-0.891839122551827,-0.11027615678192786
2025-10-21T12:34:42.791169,0,null,0.15614679019339733,0.1745819752718243,0.1745819752718243,0.0,0.0,-0.21793687505682063,0.42009566621144556,-0.5255316688695987,0.7226682673077026,-0.7997816295046437,0.8691513919052958,-1.0570967972692011,0.8149560943230318,-0.9075484621883364,0.12090681440230197,-1.2465106221350615,0.030454767824548028,-1.3175365814675861,0.19094984424258554,-1.2446407003465922,0.3714165866931401,-0.8695170457733715,-0.20951932499388223,-1.249414002615095,-0.35225099795523257,-1.3064365454648987,-0.17265554277949524,-1.199895045864795,0.04109491983069183,-0.7604784477688739,-0.5223479878987245,-1.1075160614425785,-0.7406628077099427,-1.1468827460910114,-0.5541953814262426,-1.0414795191297166,-0.3303551253863245,-0.5866859980046053,-0.826218984569484,-0.8579083036423624,-0.9910926892396887,-0.911550169926633,-0.8208137258959313,-0.8469776087401097,-0.5938556816923647
2025-10-21T12:34:47.185306,0,null,0.15496512151977065,0.2615607429277821,0.2615607429277821,0.0,0.0,-0.10122528987644419,-0.5651919870069667,-0.30956202806929933,-0.9850036084905006,-0.5572508004287259,-1.1337315414735971,-0.757528879543309,-1.1309525363564699,-0.42575475009810343,-0.7550526139340215,-0.8828282839823792,-0.8694995419322957,-0.9878295570315004,-0.8795292551114772,-0.953541259864329,-0.8339927666707185,-0.45953350602362697,-0.37395404913871344,-0.944833938378029,-0.5094154515023929,-1.0319305110126165,-0.5810527114970994,-0.9819636799736924,-0.5743142792450739,-0.48141461068509067,-0.0431102426447724,-0.9100841827965744,-0.18311604189617217,-0.9664724640360338,-0.3021657042409602,-0.9130797885175417,-0.3499133190984048,-0.4831863831152394,0.24329682765894342,-0.8243131921846462,0.12042902421227225,-0.8829793688854259,-0.0335169210030488,-0.8597297266896525,-0.14243318445087813
2025-10-21T12:34:56.872728,0,null,0.17823426308627122,0.25706551271122385,0.25706551271122385,0.0,0.0,-0.08761133770697789,-0.5326450934766741,-0.2881145494167768,-0.825028751993423,-0.48907778244171496,-0.8359361727125676,-0.5897232119880278,-0.6573822844787498,-0.4943884317370529,-0.7950673133235717,-0.7177512711986579,-0.7549248888036946,-0.6417871213509213,-0.707027951751802,-0.5435443989004407,-0.6939328792643412,-0.5356577229865556,-0.4402199944170717,-0.7232083436091725,-0.46491715690803054,-0.6415704429643297,-0.4408622620798418,-0.5458711700180934,-0.40992420557764847,-0.5468315572596795,-0.09888464231487741,-0.708166643626121,-0.192660590256537,-0.6282627497379665,-0.1805096744199065,-0.534307569701245,-0.14292658219665613,-0.5330151509459091,0.20418639648348222,-0.648689759733833,0.0675164751576521,-0.5708586282180009,0.06623657714375647,-0.4949982382183111,0.09617459738980275
2025-10-21T12:35:00.723767,0,null,0.13036878017885425,0.17884559251916843,0.17884559251916843,0.0,0.0,-0.48108349302442777,0.14751588298450466,-0.8145464549251609,0.4515593867996888,-0.9240680646227767,0.8783604902740582,-0.721734220242104,1.0835294993683924,-0.7428141548023262,-0.575899039696884,-0.8498818656182339,0.5607623862391337,-0.7476849591152642,0.6396057607119623,-0.732528309197796,0.3506629167270363,-0.4133851453753394,-0.6003957026742285,-0.5576229420634322,0.7939007768151445,-0.5015035444139612,0.7127151503606992,-0.524033222303727,0.34019043749847294,-0.09879950799690798,-0.42226290694140467,-0.2600092998705206,0.8806094254436583,-0.2604852156118053,0.7935071798330317,-0.2693549785939835,0.4474307844166114,0.1665435142290188,-0.1598838599571553,0.01109570222310283,0.8443111852151712,-0.021657498971739235,0.7314471672757179,-0.029822386748863443,0.4126176145965028
2025-10-21T12:35:24.064470,0,null,0.24814216927849586,0.28935634535400956,0.28935634535400956,0.0,0.0,-0.0980683470384601,-0.5631717198985442,-0.2943661256499438,-1.0055461061298046,-0.49678202671804067,-1.2512991027472804,-0.6682596036177224,-1.38552104025349,-0.45152304023838336,-1.0198016754577706,-0.8620458436260529,-1.2404973753515738,-1.062296476043172,-1.167260559499853,-1.1357534956895838,-1.040314616788852,-0.48667242724577847,-0.7060944881661722,-0.9645764588614215,-0.840455469228431,-1.1146875729863337,-0.7764731864768839,-1.1083611941813272,-0.6898130027289578,-0.5107265504613634,-0.362417543818074,-0.9581802492927102,-0.4773579509236636,-1.0768635029366878,-0.467412525842766,-1.0538333582649844,-0.4499053972077856,-0.5180443613186134,-0.02201667164094566,-0.8657395614413035,-0.11867377808312089,-0.9707718277380619,-0.17554671231626484,-0.9665190518322673,-0.22686923378238272
2025-10-21T12:35:35.534844,0,null,0.26585921543937874,0.13739644132891032,0.26585921543937874,0.0,0.0,-0.2357910297961195,-0.07614490058143497,-0.4548227157284911,-0.3236187980716925,-0.6169489040955947,-0.5004141484658053,-0.6476682771804305,-0.7749036966400704,-0.3412466782902109,-0.9378632225473603,-0.4156320865349812,-1.3898449231267416,-0.47375586663814884,-1.3432472975241176,-0.4794535906753552,-1.1255630311818778,-0.1862849059667434,-0.9824957678325956,-0.2575317906104729,-1.4929081732104674,-0.30323846023120266,-1.2841695622868383,-0.3043175168846643,-1.0259306566368853,-0.016663612055929852,-0.951055379539463,-0.058576656571065526,-1.44453311956948,-0.11772882497039534,-1.2315076517435362,-0.1328557957832697,-0.9430813907603917,0.16790126011788653,-0.8492507673224593,0.17912138670819228,-1.2216622966884532,0.12168050844721126,-1.113571445222247,0.08513584364683544,-0.8941146831596107
2025-10-21T12:35:35.752605,0,null,0.2625705084169186,0.13735723205472045,0.2625705084169186,0.0,0.0,-0.2396073931836197,-0.06733675116681317,-0.461725237048059,-0.3101632928856434,-0.6254139800187026,-0.4896926256549986,-0.6605254221868588,-0.7660747218006174,-0.3485508616781673,-0.9347818496995384,-0.4265109619142128,-1.3880230265716607,-0.48237786483064987,-1.3412503714951225,-0.487087750861857,-1.1288081335834566,-0.19195940937485018,-0.9814028658774432,-0.2634816665491531,-1.4946512778099772,-0.3095528782173421,-1.277567141666716,-0.3126392292140788,-1.021148601631829,-0.02095999165796462,-0.9502410722082736,-0.05999520383043037,-1.444675818510656,-0.12094200985108729,-1.2224324412465994,-0.1390165493525706,-0.930189551916074,0.16753351546488676,-0.8492434366012498,0.18312735154681004,-1.2180246979909628,0.12099762591420883,-1.1073830100343245,0.0774613717026658,-0.8881717297299186
2025-10-21T12:35:35.967956,0,null,0.2665443616014214,0.13895539395063589,0.2665443616014214,0.0,0.0,-0.2326273926576757,-0.07251012019226294,-0.4527412348618861,-0.31631180324397107,-0.620106254494819,-0.48801326152651536,-0.6511791451774763,-0.7638661726728058,-0.3452488994989036,-0.9371839561698401,-0.41891446412714745,-1.3808048501527865,-0.4769820879195988,-1.3303134712782823,-0.4844854327241088,-1.1178447489458185,-0.18913375381319864,-0.9819513344196484,-0.25685572299651577,-1.4828672451646003,-0.30463928753479147,-1.268298507601191,-0.31083713889682874,-1.0099590660382471,-0.019028271326976334,-0.9463617673836059,-0.054781304568302866,-1.4288011891019072,-0.11862078366114188,-1.2161582668051258,-0.14042395531830731,-0.9299431412216957,0.1663495613043498,-0.8369668732319016,0.18230059808835475,-1.1960473393456157,0.1250518706621821,-1.0887915939213342,0.08678512522715295,-0.8779544029619916
2025-10-21T12:35:36.180247,0,null,0.26060824119501586,0.13743604577064686,0.26060824119501586,0.0,0.0,-0.23558185257868883,-0.06150451335028893,-0.4592820344861711,-0.30429015767355894,-0.6274290592038162,-0.47720494575620825,-0.6578296687440813,-0.7653845185966625,-0.34644938997702085,-0.9351538087632174,-0.4228948468935704,-1.3998563551821623,-0.4794710399431248,-1.339829102868742,-0.4833731223939709,-1.107413332428677,-0.18589405524184663,-0.9825697940735515,-0.2565535159189316,-1.5038061071722817,-0.3031237183968861,-1.2840244750936691,-0.3083596584676451,-1.0210199781907776,-0.013931173094395809,-0.9527405110652724,-0.05225121918251848,-1.453258118047289,-0.11258792097463262,-1.2299736230781113,-0.13197825859744092,-0.9308688597733222,0.17422623177136343,-0.8514144469501241,0.19131868401912627,-1.2221937018162872,0.1343973621718269,-1.1074512988835647,0.0943873514140306,-0.882926833220567
2025-10-21T12:35:36.403101,0,null,0.2668064232659603,0.13646886907191594,0.2668064232659603,0.0,0.0,-0.24149040230000682,-0.07741491865593812,-0.4607631943204697,-0.3268539049336042,-0.6187163917389129,-0.5081401505124361,-0.6534913349410041,-0.7775531374887683,-0.34452152055679663,-0.9354658994462797,-0.42161518952864613,-1.386033996003836,-0.47546807467913943,-1.3260300059842907,-0.4781037518508208,-1.1051614653592066,-0.19101153243379088,-0.9815877925470012,-0.2611357811034752,-1.489116161237548,-0.30816021156422324,-1.2734062694859918,-0.311178796912906,-1.019626614667406,-0.02440671017828152,-0.9516798490789541,-0.06153718652990721,-1.444212581872694,-0.12181573556318338,-1.2217087507834035,-0.13767291485824337,-0.9336476441063649,0.16029242234340307,-0.8530941741209682,0.17649944656564168,-1.2190207979329482,0.11771723298718176,-1.1074696376373734,0.07952940284223788,-0.8907880661216006
2025-10-21T12:35:36.613675,0,null,0.2615697402873126,0.1370601134699842,0.2615697402873126,0.0,0.0,-0.23638345544307215,-0.06442831665464563,-0.4576065295188234,-0.3118339823297531,-0.6241196086677736,-0.4873838154826691,-0.6531424075925814,-0.7617536766664957,-0.3407941162180959,-0.9418400027137546,-0.41547352134696813,-1.4032087131490738,-0.47530632603656403,-1.3379878546877915,-0.4840090184279566,-1.1059722662227562,-0.18311202188064654,-0.9830920544093424,-0.2557533321508187,-1.4960441162611515,-0.3027774033869784,-1.266584121919587,-0.306339739805366,-1.0083920944224123,-0.013075344699487039,-0.9492208046450265,-0.05012975044336273,-1.450878803942972,-0.11295247492734635,-1.2245844193707573,-0.13356790468715626,-0.9365560868390298,0.1740082732558782,-0.8441427042634361,0.18771528152293196,-1.21540740962154,0.12687163282694144,-1.0907063797213143,0.08614095423474188,-0.8706468244680724
2025-10-21T12:35:36.831021,0,null,0.2629634206989543,0.13833248495026199,0.2629634206989543,0.0,0.0,-0.23792882759857906,-0.07154368317965834,-0.46049610424463117,-0.3159782540857896,-0.6208240756997264,-0.49815130661567597,-0.6562785860711536,-0.7722883062293869,-0.34590598795843464,-0.9385991044771391,-0.42793814790174584,-1.3940911220727275,-0.48030845220040164,-1.3384584261837433,-0.48092679474597344,-1.1199387092284083,-0.18965798931136463,-0.9818502162195466,-0.2637264956637226,-1.4917768910220732,-0.30779926859663503,-1.2750389888580653,-0.3093068185492004,-1.0201958406557716,-0.018695115401839588,-0.9428230096592253,-0.05869222216469088,-1.445279254250258,-0.11724187194625688,-1.2246486046970817,-0.13645355723862365,-0.9397673366911704,0.16904664668068917,-0.8311063275556585,0.1898506546939658,-1.2038787097897834,0.12778157503516605,-1.0962039207480336,0.08192630731545854,-0.887800043039885
2025-10-21T12:35:37.033357,0,null,0.2620132610982379,0.13791620824604753,0.2620132610982379,0.0,0.0,-0.24289392331019208,-0.06572967635273495,-0.4681048170353147,-0.31417792542772216,-0.632844399416436,-0.4905011524657638,-0.658509042442839,-0.7664259795571849,-0.3516170748130715,-0.9378862142183415,-0.427511786080375,-1.4057082647511316,-0.48635133224126376,-1.3383026907120743,-0.48928682616610475,-1.1010875286267587,-0.1925200832031649,-0.9812930334836004,-0.26515103661711337,-1.504571669067832,-0.3119214805857741,-1.278008591842302,-0.3119569685780459,-1.0175057997514034,-0.01997746477771867,-0.9513768834856108,-0.06116218975765153,-1.4573752554483448,-0.12143376740155909,-1.2299449972834555,-0.13630437359908912,-0.9372701790704441,0.16780246909873275,-0.8526226729912854,0.17961337339847058,-1.224150103878741,0.1196504957899016,-1.1073052068624805,0.08266245338323794,-0.8885679143942702
2025-10-21T12:35:37.235062,0,null,0.25870073778353664,0.139372197831817,0.25870073778353664,0.0,0.0,-0.2383490095663361,-0.05723941899680397,-0.46377603626215974,-0.30650316680910217,-0.6275535579466572,-0.4830897753739801,-0.6689059767321157,-0.7639722340225429,-0.35168690685967163,-0.9362685645624265,-0.42861193053579183,-1.4047393460142268,-0.4879212629516683,-1.341005297185107,-0.4959140686530314,-1.1078686263631696,-0.18854298511979228,-0.9820649381594466,-0.2648927000461992,-1.5113372374966942,-0.3100335857005145,-1.2879434906231453,-0.31135976798459525,-1.0194885764883128,-0.012610021297780417,-0.9489041602579714,-0.05679889423530946,-1.4611079682871455,-0.1146451867790677,-1.2374265670387399,-0.13047666059526666,-0.9417269704853168,0.17881549797005467,-0.8424229663653036,0.18984359300610845,-1.2185116502920592,0.1366721160537329,-1.1012884029383352,0.10410553970031954,-0.8830252028163341
2025-10-21T12:35:37.441700,0,null,0.26313613917664325,0.13869416336765297,0.26313613917664325,0.0,0.0,-0.23923142027370484,-0.06521542389577947,-0.4596927875242011,-0.3092754937675696,-0.6194572795575597,-0.48915531958423547,-0.662331846270811,-0.7624446096482536,-0.35129156341384415,-0.9360277332306663,-0.42860409439719427,-1.385102678864102,-0.4817552560799972,-1.3308748848437422,-0.4831619227781306,-1.1045097080140511,-0.1919411433167478,-0.981406438486247,-0.26571503546624287,-1.4858328126257254,-0.30962319640551395,-1.2712832962857898,-0.3102325254583286,-1.008232319923693,-0.02010083673521071,-0.9472912600526764,-0.0602834828300052,-1.4365006037927097,-0.11970348523275043,-1.2182284040630043,-0.13654860208836836,-0.92832889462581,0.1675335507149332,-0.8431014284144122,0.18184032505536873,-1.2055226474717484,0.12461934363579241,-1.0882490034098316,0.08815179263215503,-0.8698210736712747
2025-10-21T12:35:37.663765,0,null,0.26120039144133644,0.1374487352879806,0.26120039144133644,0.0,0.0,-0.24269117471435506,-0.05960364267007422,-0.4704020268726129,-0.30391135134618524,-0.6376222420765864,-0.47970348661500906,-0.6730315011646202,-0.7609991079572774,-0.35783818495829744,-0.9375175881724973,-0.43598336263607296,-1.4069736323321713,-0.49839928149822516,-1.345088495231036,-0.5053158744373588,-1.1097083486552635,-0.19884805358615493,-0.9800303319719231,-0.2747941152575157,-1.5035214883101764,-0.3261768018990439,-1.285823950452996,-0.32831909733001013,-1.0172621851808696,-0.027152020041430386,-0.948250515665048,-0.06929303405207862,-1.4531191277414466,-0.134706067122828,-1.2409198362904672,-0.15132756870955036,-0.9463097164915959,0.1605409451502472,-0.8470188415289369,0.17171725568736193,-1.2247500468688064,0.11414340827276756,-1.1141444610517253,0.08039586577274992,-0.8891064578903686
2025-10-21T12:35:37.879807,0,null,0.26005895899364473,0.13760057342585844,0.26005895899364473,0.0,0.0,-0.2428666362740948,-0.05541539762447061,-0.4730921599687063,-0.2968752248001706,-0.6429516381852584,-0.47558238167839345,-0.6794761887084095,-0.7587342272710879,-0.3557184876699317,-0.9315026694949431,-0.4359572587402724,-1.4054470972434443,-0.5031448844065894,-1.331030150530928,-0.5156214337842729,-1.1004542997416773,-0.19644422799366426,-0.9805150000321122,-0.2754249385978777,-1.5053560986570549,-0.33064162271822506,-1.2903224171698244,-0.33503257232836653,-1.0240900982067496,-0.02324077050934087,-0.9515615027750537,-0.0701974362039712,-1.4560134957329867,-0.13220636334011052,-1.2333618902627164,-0.1470518893944002,-0.9402547731494405,0.16759959915005268,-0.8534082623745181,0.17284934864479584,-1.222749626516565,0.11734868986284677,-1.0997724396785094,0.08653938725067206,-0.880307699165657
2025-10-21T12:35:38.133419,0,null,0.2584245471501416,0.1365522893350422,0.2584245471501416,0.0,0.0,-0.24400432574064623,-0.04920468054888576,-0.4772550021524876,-0.27236112517291095,-0.6474518457773666,-0.4426601450729414,-0.6950918223744976,-0.7187563551212527,-0.36168948332426637,-0.9345581837503482,-0.44369620789005254,-1.4084238397101714,-0.5242189546808402,-1.3001275977757374,-0.551460810288992,-1.0638277783447043,-0.20159632798219504,-0.979468692988242,-0.2881460911296016,-1.4980751025685517,-0.35707702023063564,-1.2626430895376477,-0.37202151136418443,-1.0009912142963258,-0.029978703646406687,-0.9534790157046887,-0.08198204542032071,-1.4503597046577084,-0.15193911955103587,-1.2219284963213226,-0.17174978461944923,-0.9422668416919087,0.16198998984962304,-0.864063703928656,0.14503241851399357,-1.219196145884344,0.09025371078320094,-1.0778210844698455,0.06736922355013027,-0.8661658135713878
2025-10-21T12:35:38.367470,0,null,0.2631848569525157,0.1334532693059703,0.2631848569525157,0.0,0.0,-0.24411159684675623,-0.05558679401866376,-0.47634007949166074,-0.2692753990591051,-0.6453513910702784,-0.43719782149950076,-0.7289834216826547,-0.6899127296155526,-0.3874893982112213,-0.9199996698954351,-0.4805708486245899,-1.3721337076085116,-0.5640654092480103,-1.2661019954019226,-0.5948167890015843,-1.0382596433601676,-0.23484584782178275,-0.9720326269014162,-0.33362403645953437,-1.4651504995674371,-0.4058138986171718,-1.237510728917974,-0.41645978291841906,-0.9732696303275743,-0.06921081728988145,-0.9521166905607142,-0.12936763916215996,-1.436020676849984,-0.20557176088198192,-1.2160429896706382,-0.22552121544074902,-0.9383986803942465,0.1175780589066655,-0.874973832260624,0.09705766226856033,-1.24223294759956,0.029484028751600277,-1.1170109231784882,-0.005210271113546791,-0.9007029146911513
2025-10-21T12:35:38.592532,0,null,0.26822466907060516,0.1304682898820509,0.26822466907060516,0.0,0.0,-0.24841562172584095,-0.06584707507502043,-0.485048297850439,-0.25500930688501566,-0.6574747647403829,-0.40616940582763483,-0.749427028682822,-0.6497879838243337,-0.40076348176227883,-0.9045066281254925,-0.5147749914037255,-1.3460048710377832,-0.613330495926674,-1.2300145003036413,-0.658146977520327,-1.0168266059715887,-0.2552904140475378,-0.9668644188796258,-0.37119456377056603,-1.4292337019589039,-0.4580366772708246,-1.1974214025690326,-0.4741311178659441,-0.9377677164771301,-0.09525266202763935,-0.9514893015138218,-0.16735342703759826,-1.4171500939142678,-0.2588150312054533,-1.1965861920786458,-0.287408407344619,-0.9297553845783971,0.08455147900912978,-0.8718237538741573,0.05219615571238559,-1.2063322774018828,-0.040700761627588254,-1.0911562285626517,-0.09280580750864258,-0.8966727381647084
2025-10-21T12:35:38.805813,0,null,0.26026074058749565,0.12488066508360707,0.26026074058749565,0.0,0.0,-0.2623506112620594,-0.0461411374213589,-0.5090246455255659,-0.22087092580237444,-0.6806789382598624,-0.3606290605796002,-0.7802584443030723,-0.5778340798500637,-0.4303289206300972,-0.8977435689063451,-0.5654572080624669,-1.3768975001787336,-0.665131298937168,-1.2149887658629834,-0.7062067659281316,-0.9661251958089894,-0.288432893838416,-0.9575001126642215,-0.429305205867953,-1.4461326807544228,-0.5256592088440403,-1.1744382103339515,-0.5440052308688912,-0.8987361370895963,-0.13081563135050453,-0.9421024807619308,-0.23040658834183692,-1.4223794065166848,-0.32499050375716076,-1.1755653271576412,-0.3501390760236154,-0.9038730324173131,0.0485382789013059,-0.867377028599467,-0.004450067459334127,-1.1940442946901935,-0.10017335221283856,-1.0704639449108386,-0.14844642715562925,-0.8844286354485598
2025-10-21T12:35:39.021264,0,null,0.2642032190484961,0.12176809122899376,0.2642032190484961,0.0,0.0,-0.2620835284724862,-0.04974107180335085,-0.5113632689299537,-0.2071748285147847,-0.6926160329118123,-0.34792264645244364,-0.8172292821625396,-0.5481049562103917,-0.4383969730266248,-0.8837262292073091,-0.589061105271648,-1.3202996652404992,-0.6841257457398557,-1.1479597400560706,-0.7193931271620608,-0.8999541969187714,-0.3057581757115094,-0.9521092048633758,-0.469887333993048,-1.414377975913421,-0.5643412711776695,-1.1512908591302462,-0.5791553942351846,-0.8866053556591481,-0.15385300956807163,-0.9411054912849048,-0.2665937538309853,-1.38993213485155,-0.3617969136254295,-1.122113928833027,-0.39157518474363096,-0.8560442473063532,0.022313568404014942,-0.8709380076963789,-0.037146641988246375,-1.1727788388138016,-0.13572006271859582,-1.036315419124605,-0.1928457487006056,-0.8529828348356233
2025-10-21T12:35:39.236032,0,null,0.26352384558139524,0.12442669104044511,0.26352384558139524,0.0,0.0,-0.2629304093724328,-0.04800374763563086,-0.5189068188152715,-0.20444149098590933,-0.7030099239280599,-0.3362329648182776,-0.8352947031384229,-0.5201614565648066,-0.44733659986188923,-0.8764532449236965,-0.6129734367602737,-1.3049702785425583,-0.7111122555422386,-1.1260567188642991,-0.7456940708369345,-0.8757143046807306,-0.3116875729705121,-0.9501846435592147,-0.4903152371889889,-1.396209607526106,-0.5923342273416541,-1.1322851233548255,-0.6092393796831013,-0.8696670728668543,-0.1556522093852279,-0.9414370115124737,-0.2836218670910601,-1.371924778629028,-0.37940046504800246,-1.0801695928367718,-0.40663856690265743,-0.8061607343977748,0.024791705262087425,-0.8705806264760796,-0.049513293757930774,-1.142586633414782,-0.15242909996916948,-0.9854678526994683,-0.20956521713341605,-0.7996263041500606
2025-10-21T12:35:39.457270,0,null,0.2662842745891395,0.13017145917119488,0.2662842745891395,0.0,0.0,-0.27099443030033626,-0.07634948600361972,-0.5201516344108436,-0.22712009023348187,-0.7109608839619841,-0.3594052244079838,-0.8659528564928978,-0.5145655234123261,-0.4566166727121657,-0.8797294382217709,-0.6279226590235311,-1.2878853221429427,-0.7259452976730659,-1.1325770659591639,-0.7735096136900149,-0.900317198487825,-0.3153352495834477,-0.9489803371883659,-0.5143340745113617,-1.3249717628657498,-0.6153147375576512,-1.0599421781291456,-0.6412540261837212,-0.8013976393874542,-0.1530884508154387,-0.9338007363963935,-0.3104031943766303,-1.2720543516200162,-0.39931270042948924,-0.951543510655429,-0.4256705668551757,-0.6762677233640426,0.03183608731756484,-0.8601764828581909,-0.09246182138971074,-1.031324663100717,-0.20228745863484698,-0.8296572368214514,-0.2624370884397286,-0.631117728281138
2025-10-21T12:35:39.662787,0,null,0.28204358664881674,0.13262500563337146,0.28204358664881674,0.0,0.0,-0.2781657013952037,-0.12042821200814113,-0.5230528477665258,-0.2724825794127293,-0.6979741098234886,-0.40193083501956045,-0.8465803953350955,-0.5394644157761568,-0.4051483544373491,-0.9133970202495281,-0.5738019520678569,-1.2459679635281615,-0.6888877081888587,-1.100408970052338,-0.7518893800307185,-0.8848761673374809,-0.2605537714615636,-0.9654593374022312,-0.46938124257661684,-1.2102619512436936,-0.5874114780439601,-0.9181283059457811,-0.6210609195426015,-0.6599815982719753,-0.10682861860429647,-0.9278951944457825,-0.29468716169365233,-1.1452938414259701,-0.4029471273597999,-0.8088782530236507,-0.43386595681264506,-0.5263538430575511,0.056614816548302596,-0.8245721398547718,-0.10055715021399789,-0.8809025044400963,-0.21856815453079803,-0.6669811030756915,-0.27673900362249493,-0.47886790574013294
2025-10-21T12:35:39.891460,0,null,0.31538682360353537,0.15053995162928935,0.31538682360353537,0.0,0.0,-0.28308550991788534,-0.11290203687640427,-0.5120570395428876,-0.2660507961651375,-0.6793739272222306,-0.37904354776819166,-0.8249353445717655,-0.4926661997544214,-0.42440979357681274,-0.9225793534146638,-0.6123894171078595,-1.1119856550112948,-0.7114086990045737,-0.9344815035291636,-0.7611759319788138,-0.7137912835022316,-0.27916039708915075,-0.9602444858977466,-0.503407201367802,-0.9796209625211598,-0.6165921547979457,-0.6816546466414212,-0.6645862928442072,-0.4334360978674956,-0.12966649633934085,-0.8893902367357002,-0.3326769831092412,-0.8786210757592554,-0.44882887506787955,-0.5597608904638693,-0.512209364688054,-0.29742542932208843,0.015539243686120838,-0.7374368329595938,-0.14632436599846377,-0.6514829285576511,-0.263850208087821,-0.43327923698599674,-0.34513721778165196,-0.25490006636972135
2025-10-21T12:35:40.138943,0,null,0.3149691634267318,0.1510532925586886,0.3149691634267318,0.0,0.0,-0.2910094704491802,-0.1134412040818013,-0.5092818543853744,-0.2650412528444087,-0.6725640433652744,-0.37115755895772135,-0.8262445925093519,-0.4686977147355924,-0.43432612256837205,-0.9300582309274009,-0.6533868787611794,-1.0534425577391817,-0.7648552598052486,-0.867103318847647,-0.822822383222604,-0.6582030270883046,-0.2943609041180756,-0.9556943329992017,-0.5470472698963537,-0.9105968284141766,-0.663961777962283,-0.6141921364008965,-0.7151766425010467,-0.3806458442612079,-0.15008272549003804,-0.8711397999406758,-0.37968110067882344,-0.7891121835270263,-0.49582767436709163,-0.47371161846554066,-0.5589050244809378,-0.2271840561177652,-0.014256366767150495,-0.6986721090491714,-0.18420963082869365,-0.5901863336547611,-0.3020947489052251,-0.3732910464327709,-0.385123253668665,-0.19232952444049284
2025-10-21T12:35:40.353524,0,null,0.29933970616084954,0.16469184011889035,0.29933970616084954,0.0,0.0,-0.3394592788522864,-0.11457487904579663,-0.5949861193074993,-0.2631216911022612,-0.7874937397012841,-0.37269307250611383,-0.96521428026834,-0.4522687563502688,-0.5114224519082323,-0.9278424658310813,-0.7729925967821416,-0.9452667959172311,-0.8905501004370866,-0.66919291955886,-0.9495466899922049,-0.4015856429989391,-0.36234100155311216,-0.9320455989883153,-0.6721158080452535,-0.7978193276398645,-0.7937353680475264,-0.4158193672085492,-0.837469975600015,-0.14132909546440844,-0.2092711694020616,-0.8168948637191621,-0.4789777724359961,-0.6687090569645459,-0.6101999141711069,-0.284263300547239,-0.670487401338957,0.004583154458159212,-0.06875030367852591,-0.6011261962450584,-0.2669426126340688,-0.447168486189462,-0.40293309080787876,-0.19160600318100532,-0.49350599573078746,0.013282326894534919
2025-10-21T12:35:40.559514,0,null,0.29353354688270006,0.1633249748443481,0.29353354688270006,0.0,0.0,-0.3428268369802314,-0.11038635455119492,-0.607395729282026,-0.25020063659660513,-0.8173728037009635,-0.3491025801482324,-1.0071327093812843,-0.4112396664138172,-0.5363010989029995,-0.9077380430315869,-0.8075802807514764,-0.9029774250058896,-0.929908538354187,-0.6225132729018574,-0.9890399444808747,-0.3474850117124499,-0.38367297822193475,-0.9234690280579586,-0.7032779816199297,-0.7632470063503838,-0.8206030671551977,-0.35942671170491003,-0.8568442351372128,-0.06766882105438582,-0.22441660385259302,-0.8122591675073516,-0.49891731761591934,-0.6487359132056599,-0.6265222678337751,-0.2376314841227781,-0.6809012798265116,0.07368200886367901,-0.07793345630781406,-0.5923159546465099,-0.2814028941174169,-0.41456942880522607,-0.41816763526795103,-0.13102344941649988,-0.505486075000947,0.10092664539360426
2025-10-21T12:35:40.787836,0,null,0.268511836774257,0.17083326976179283,0.268511836774257,0.0,0.0,-0.41474746283244446,-0.038172150782455234,-0.7174444651589424,-0.11387426003507604,-0.9490674493212838,-0.1610510880204453,-1.1572074606759866,-0.1881235007484864,-0.6540381299713187,-0.8670528537967719,-0.9636762700140232,-0.7543710780692036,-1.0878495810414917,-0.3836185612296085,-1.1373605438916123,-0.04210632788259686,-0.48313239780576894,-0.8755473066547852,-0.8382318932485076,-0.6478135483505395,-0.9573156137691743,-0.15433592741240015,-0.9818663173138035,0.20169278234739502,-0.30093269382387844,-0.7503667548333263,-0.5921348311288431,-0.5299764756092777,-0.7215455723036197,-0.03560271558896998,-0.7618911433866723,0.33643707163395303,-0.12703820352052425,-0.5106119244988081,-0.33657558805388693,-0.28905313496300955,-0.48490047999290586,0.04154338294517322,-0.5753485944695468,0.31455169926584026
2025-10-21T12:35:40.989016,0,null,0.23250938888636513,0.18313299140323175,0.23250938888636513,0.0,0.0,-0.4957086081889574,0.06035386698133755,-0.8578038675224405,0.020199903396855377,-1.1262667028297395,0.04962802769653701,-1.3993118607282387,0.07432796414323438,-0.8530554277262561,-0.7616502047446786,-1.168846285231449,-0.5376980643470336,-1.2758344812676432,-0.04898816883289307,-1.3086113540992883,0.3638433352914912,-0.6335784540684476,-0.7736784490602255,-0.9651565985362397,-0.44167539831579483,-1.096845756433977,0.1787921015370256,-1.1353336772480978,0.585616469142272,-0.3874045485521684,-0.6519197930576833,-0.6512089242159828,-0.332592279750074,-0.8011991735702667,0.2817042735620266,-0.8535348091665662,0.7000768631582313,-0.14441763237596186,-0.4178414247061925,-0.34504158503658855,-0.08247821768964125,-0.5105243145853666,0.340002952839104,-0.6059304499406984,0.6598672708183762
2025-10-21T12:35:41.219591,0,null,0.24975623359933388,0.1801676118133331,0.24975623359933388,0.0,0.0,-0.4602253898855047,0.10004285512477862,-0.8090249745557334,0.09699671018997962,-1.075897961398702,0.14499735804103936,-1.3059336913037334,0.16069178215159927,-0.846428312329251,-0.7224606664089851,-1.1699623633143261,-0.4337677930579725,-1.265194963244353,0.046242026570541585,-1.2892383637258789,0.4375074586117409,-0.6456187727481953,-0.7636598721126534,-0.9810877742338423,-0.332763411927059,-1.0924095274911447,0.27901747316716574,-1.1135471099903678,0.6730923080736466,-0.4188544745860523,-0.6473067532499058,-0.694837496731127,-0.2473551305794462,-0.8182753368103358,0.3445136463371,-0.8522826668729327,0.7364508817308111,-0.19721091693362267,-0.4079817609316722,-0.4094248852203536,-0.014758911093918392,-0.5613970655635268,0.3896127719288926,-0.6555497684526602,0.6716028854366927
2025-10-21T12:35:41.420607,0,null,0.2371657160006642,0.18065469497016776,0.2371657160006642,0.0,0.0,-0.4553450374992365,0.06769598486696547,-0.8105345186958588,0.12213681537285606,-1.0712636211139712,0.26924560569507855,-1.287077197440874,0.3679419942334745,-0.9050459155687771,-0.7011368963647631,-1.2852284826503833,-0.4052666310462741,-1.3760022386363822,0.12083070189186357,-1.3789904413088856,0.5351104458434357,-0.7108931644679243,-0.7033000133035552,-1.090316743149954,-0.24623845568209837,-1.200358500338041,0.38427230821614344,-1.2105910210959032,0.7673063595300644,-0.4907510923774783,-0.5412327428327983,-0.8158404005143528,-0.13483177597808482,-0.946724180211331,0.46633755193932325,-0.9827638144787555,0.8550733151145636,-0.2729101122693236,-0.27613455636421175,-0.5049602599719277,0.11236948916056197,-0.6675707600538382,0.5054118832017418,-0.7767024851244201,0.7705247719290619
2025-10-21T12:35:41.644647,0,null,0.23774734547415088,0.1857578546096715,0.23774734547415088,0.0,0.0,-0.46682277317694243,0.014669299327579011,-0.844972149005169,0.046259737717497675,-1.1205861009188387,0.18041718895612827,-1.3470093132959184,0.2720215881239363,-0.940731245131834,-0.679989664265311,-1.3318526418413772,-0.3592165732130347,-1.4211803813975885,0.16848258878539282,-1.420257533249776,0.5848277494176707,-0.741670568084441,-0.6707643166100166,-1.1238660852485953,-0.2118938069007584,-1.2416080710771922,0.4227434240336168,-1.2607106015370104,0.8220375799853624,-0.5067499324196774,-0.5221101770054394,-0.8418170161770726,-0.1261401296089367,-0.9862486428966902,0.4843949952710315,-1.0395035745887249,0.8905865699249297,-0.26773903119349973,-0.2830644276693607,-0.5135570970242443,0.09729918201963259,-0.6921265840381341,0.5112448371852667,-0.8157486243244326,0.8032489332204807
2025-10-21T12:35:41.851732,0,null,0.2312834519051921,0.18852825446153457,0.2312834519051921,0.0,0.0,-0.46502680729010426,-0.021877732551080407,-0.8535382474092045,0.00840245950260832,-1.1361450405383229,0.1708953672925911,-1.3743616225907092,0.2922346757373243,-0.9452772094685069,-0.7002652632839658,-1.3685174754265377,-0.36287857821540953,-1.4677107725708893,0.1803330580497074,-1.463381975114586,0.5939647698396837,-0.7423087440137849,-0.6700580038777816,-1.1613343791686732,-0.19885176541501315,-1.289894535141427,0.4633725505256814,-1.3038527614811484,0.8661555954274907,-0.506853809490228,-0.493702481098693,-0.8811127155542352,-0.06257054188312107,-1.032617791686961,0.5569283859592136,-1.078065139583706,0.9463284189002066,-0.27311137476408337,-0.23913043070274356,-0.5568420522598707,0.15038351117887494,-0.7454569603456419,0.5648280483053506,-0.8650703679411244,0.8453597400998168
2025-10-21T12:35:42.080979,0,null,0.22580179471934783,0.19748720341652312,0.22580179471934783,0.0,0.0,-0.4532416783133097,-0.11502311560425849,-0.8545094697804482,-0.09650094787836465,-1.1523869898103618,0.08436260332375996,-1.3887581791319807,0.21486142191607535,-0.9555900135982229,-0.7262427719595693,-1.3997110394878483,-0.4276047576128973,-1.5236687094618813,0.08822737156105917,-1.546755162932679,0.4867501507408078,-0.7478829399872853,-0.663830632071144,-1.202817186700128,-0.2181517938905262,-1.3659763457380794,0.43601480583640345,-1.4076456797750538,0.8381539585460339,-0.5194073235599944,-0.4422123989693472,-0.9408383772227548,-0.02541439494233278,-1.1193021874204885,0.5703968704869736,-1.175294736355632,0.9316802412194176,-0.3035108797015346,-0.14338313917578477,-0.6229456815337349,0.28354612209674995,-0.820019297122466,0.6425942044313079,-0.9349106922601982,0.8565343749883112
2025-10-21T12:35:42.289115,0,null,0.22827241448584165,0.20169393044351405,0.22827241448584165,0.0,0.0,-0.4497911047057831,-0.12996218352663075,-0.8452949556762686,-0.15475945882500186,-1.1426570253001838,-0.011438790290108693,-1.3775971609318156,0.11282671482711505,-0.9149165281973407,-0.7801218161075666,-1.366604871997534,-0.4877354949261346,-1.4947726945199276,0.020610868141657454,-1.521760176468989,0.4366049535541558,-0.716351891910921,-0.697739182614567,-1.1654839501710268,-0.2588062858803651,-1.3371987104817893,0.36791763942556915,-1.387592524616653,0.7632859733178824,-0.4906731344020036,-0.47146143439789057,-0.9008091742484274,-0.09707487810685626,-1.0915166922318054,0.47264414076702516,-1.1683123143150747,0.82967524157943,-0.271121889944081,-0.17496168683691088,-0.5879104241131433,0.1722116562640606,-0.8051581393540429,0.5312729021300081,-0.94530003156973,0.7665080942131514
2025-10-21T12:35:42.511640,0,null,0.224375076364482,0.20202084914934754,0.224375076364482,0.0,0.0,-0.42719760052182126,-0.1750897632476414,-0.8158673030684179,-0.20556695258877225,-1.112734859536301,-0.04976478094302533,-1.3549545054461676,0.06984772071526484,-0.8843549093440813,-0.8209498010206979,-1.3443801469729697,-0.5735139037170787,-1.5001384868057217,-0.10551937836732654,-1.5494633557346884,0.2942118798950909,-0.6861479822755427,-0.7274619896731385,-1.1584402833012892,-0.3292154344581687,-1.3644851354753824,0.2720000422480534,-1.4370193478562114,0.6685562833655263,-0.46669776780347977,-0.48494800649782666,-0.9009259911296937,-0.11070268948949502,-1.1032119332802792,0.4287064774782541,-1.1858877645987378,0.7674342122983852,-0.25820630352221297,-0.17395199564123265,-0.590809273006514,0.1887554599500662,-0.8118738264335492,0.545805689544148,-0.9540334126964505,0.7807006410315285
2025-10-21T12:35:42.718848,0,null,0.20620198806463327,0.2064556602285881,0.2064556602285881,0.0,0.0,-0.4017419026973879,-0.27421917553818437,-0.8179031435713644,-0.35884823304256164,-1.144094874091018,-0.2554392470358536,-1.3996334354192481,-0.15331066476952335,-0.8773112787858507,-0.868392191310459,-1.3583224429470038,-0.6505279582570279,-1.5497712395108114,-0.19169275172967445,-1.6318885692719447,0.19584980549691242,-0.6704635702255892,-0.7402855596270358,-1.1710997004872887,-0.41574897107887854,-1.4222441817865334,0.1828497378474258,-1.5347262790331184,0.5912526270381614,-0.4499462886553145,-0.4560662432186807,-0.9079858260263024,-0.11436098508026674,-1.1529043982700233,0.44496902586295517,-1.2763078919303068,0.7987502090639449,-0.24444769546794726,-0.09412887375626729,-0.5986018846740256,0.2984131764967283,-0.8337466602488062,0.6458434416637088,-0.9955527388772603,0.8593732121340141
2025-10-21T12:35:42.944189,0,null,0.2009177769750412,0.2143365267624109,0.2143365267624109,0.0,0.0,-0.36965183908213023,-0.28437749518663014,-0.7801788777827887,-0.40095159785279005,-1.1003367027893876,-0.351167536880261,-1.3573449500799193,-0.3088479426471529,-0.818286535005418,-0.8534812092500489,-1.295059395095369,-0.645513968944723,-1.489147766239268,-0.21780130398560849,-1.5706848711618495,0.14574314300460744,-0.6258516814545673,-0.6978661824520317,-1.1187061542065397,-0.3984326670828893,-1.36900105332792,0.1632816642892287,-1.4810222817873218,0.5516049595153946,-0.42166367157129375,-0.4041829928126318,-0.8790345355379059,-0.0690025183115741,-1.1144700234472222,0.4545337993039352,-1.22509635714599,0.7856577885830298,-0.2306245470482782,-0.044374672439065975,-0.5921686993787573,0.3207971517718895,-0.8130523425842355,0.6280063155465512,-0.9548605252892077,0.8133220889793341
2025-10-21T12:35:43.152853,0,null,0.18400702934390772,0.23448535320234623,0.23448535320234623,0.0,0.0,-0.3252499455527011,-0.3282883200578474,-0.7295395701611805,-0.49721614693294774,-1.061108256904288,-0.5550855773242396,-1.331227960860766,-0.6878165087623506,-0.7088655071433138,-0.7716504036931655,-1.156221351427641,-0.5910071812370029,-1.3510049751353332,-0.22115034940796113,-1.430401541818086,0.08802846841836395,-0.5386567993904896,-0.5706536561804002,-1.030648762199806,-0.27890513854585874,-1.2673816794915185,0.14286765849543762,-1.3690244957824778,0.4517655925412736,-0.3743189439400883,-0.25235005548690886,-0.8339472487873258,0.08971072077970073,-1.0557872250699178,0.45054622648244425,-1.168272663674691,0.6746571671948008,-0.2320486400909398,0.10735225574215086,-0.6060744989641467,0.45457798905469604,-0.8169734800613869,0.6718089294026011,-0.9596916727985191,0.7927435046405675
2025-10-21T12:35:43.371990,0,null,0.1856308204476532,0.24985667893031038,0.24985667893031038,0.0,0.0,-0.30673350082826606,-0.3737692210103545,-0.6935490747801424,-0.5450421737347065,-1.0115629033743723,-0.6053441923592544,-1.2683009304497377,-0.7181904099799369,-0.6862051486651146,-0.7414870087330718,-1.1225541146780025,-0.594860639425975,-1.303954218658978,-0.25819297608870156,-1.3733034485199211,0.019324652356668824,-0.5351936551141835,-0.5153069663785312,-0.9952600314984265,-0.2618338076744593,-1.2296268159811308,0.11755530001505134,-1.3204195467208697,0.393840313023152,-0.3816372532054444,-0.19395336303652183,-0.808494102274465,0.09646223692943333,-1.0360887777900294,0.4019869778543424,-1.1505299764081156,0.5871018655762053,-0.23916341668653293,0.15302609338985954,-0.6022279439642372,0.4595582535119023,-0.8087956362231217,0.632095549533628,-0.9498223960548882,0.7309722050503668
2025-10-21T12:35:43.582381,0,null,0.17523256512611746,0.2517245290008526,0.2517245290008526,0.0,0.0,-0.2967804223817116,-0.3546175771104333,-0.6886876442892598,-0.5177746609677183,-1.0098022456373024,-0.5804578617485076,-1.276413154404625,-0.6974375680536521,-0.6677217348964,-0.6987529098800586,-1.085775016176339,-0.5478733758051323,-1.2683335695620253,-0.1884689489444499,-1.3452499291520483,0.10193887315389932,-0.5066469401518816,-0.47739236457839906,-0.9503831289387837,-0.1981683813900105,-1.1898208041045615,0.1919821310647727,-1.2929604150445466,0.46630205582531165,-0.3482563425170201,-0.15699119705987277,-0.7576513359077819,0.16678771144041565,-0.9849054650184886,0.470170178971338,-1.1032497644731525,0.6487538190825173,-0.2070975515563091,0.18884235921632084,-0.5625145155264991,0.5170834849476859,-0.7697557957036234,0.6972694505564876,-0.9116152340926579,0.7999456728458378
2025-10-21T12:35:43.805752,0,null,0.13770961287849934,0.2718495387730571,0.2718495387730571,0.0,0.0,-0.28249207238295204,-0.3155304447630236,-0.6546545900853286,-0.41633361391243745,-0.9604134523189353,-0.41385733655279394,-1.2170420859429398,-0.4844867130727775,-0.6174034327585427,-0.4605777223733185,-0.992694295189748,-0.23406982142469476,-1.1807543395173647,0.11407627013407308,-1.2537549697689354,0.3893800342793845,-0.4625203306083497,-0.20660011314770688,-0.8458852955514086,0.1364840149435481,-1.0685943668973066,0.47368418879154167,-1.1459009658991908,0.6952123472758283,-0.30919811198244407,0.10455091210216638,-0.6594762489675599,0.47598944646457975,-0.8719300590293595,0.7007781610508018,-0.9707250623972101,0.8081013461240442,-0.17267178062926156,0.43508614180473365,-0.4719452693883778,0.7989739377475079,-0.6653270955535425,0.9239123697971203,-0.7819555056261893,0.9498720619437854
2025-10-21T12:35:44.015103,0,null,0.12978910869666538,0.28642013878518796,0.28642013878518796,0.0,0.0,-0.2653042199836956,-0.32072889622657236,-0.603873712958343,-0.43042900462576067,-0.8817839283766752,-0.41533868580399563,-1.118014822221524,-0.49193224042436945,-0.5619398824635615,-0.45017977094750405,-0.9275439248788067,-0.19598747706037434,-1.1010603243997676,0.10271630451995087,-1.1652271635819877,0.3340511792385667,-0.4170065204317508,-0.17732342013112426,-0.8126686283281018,0.1614373187132477,-1.0214702029664475,0.44003364689815405,-1.0902793847621757,0.6044884466897534,-0.2897071097196839,0.14431259333824364,-0.6525163403499453,0.49072816142303544,-0.8566562188754525,0.6630134286640291,-0.9449154593958056,0.711596746944781,-0.18546937042981376,0.4762488304941008,-0.5064785802434578,0.7845700526286344,-0.6977779322187904,0.8635462727391178,-0.8037901584848746,0.8353748612894832
2025-10-21T12:35:44.238231,0,null,0.14489153169328597,0.28495564970477505,0.28495564970477505,0.0,0.0,-0.24576895496469162,-0.3556206787411696,-0.5753184786594476,-0.5606827379775032,-0.8498585763898974,-0.624166126018513,-1.0667896628309699,-0.751354728640381,-0.5603675162938146,-0.5311389151191469,-0.9276150014635377,-0.36139381641190943,-1.1120132021000628,-0.15068223995278548,-1.2049674120919256,0.023602302005553286,-0.4513809264813287,-0.23408860059252554,-0.8560044579493784,-0.003479988819858646,-1.0592247607657532,0.19134646466357708,-1.1440756608531066,0.32052857774091564,-0.35033491102596687,0.09392915907459184,-0.7351427749541664,0.33107375754282425,-0.9316507593700324,0.4551414144901896,-1.029440599676104,0.49706443421918817,-0.264532489081215,0.42410013175557143,-0.5891158593492064,0.6494999509819788,-0.7600429870773624,0.6876206483711691,-0.8689107673899578,0.649239741443486
2025-10-21T12:35:44.446291,0,null,0.17540198015441852,0.2948542366522286,0.2948542366522286,0.0,0.0,-0.2009139901096133,-0.4306318621684388,-0.49684412072724304,-0.7262042891962285,-0.7458854661699689,-0.864944867242211,-0.9449651514622842,-1.02674454087523,-0.5231609570331649,-0.6859553074188305,-0.9376790760236827,-0.6419739378307446,-1.112843259253484,-0.48626563592569993,-1.164082908720068,-0.34496170078959765,-0.46064237465043156,-0.376413539406408,-0.9202653092310336,-0.272300872286799,-1.099894369086321,-0.16028799946244884,-1.1200870854407283,-0.07689020092813562,-0.40052856305308254,-0.03874761723275707,-0.8304731168262367,0.0876926674067303,-0.988800265866844,0.12375796255212496,-1.0084419226078556,0.11412432464457024,-0.3445549759392115,0.29796537206578444,-0.7101118727935142,0.40712348925536695,-0.8531100231239932,0.3879973138108189,-0.8949262701921682,0.3143073420608455
2025-10-21T12:35:44.672909,0,null,0.2187472764832311,0.30909959812798166,0.30909959812798166,0.0,0.0,-0.14140299580246868,-0.532152348821853,-0.38523124000590075,-0.9267687775461717,-0.6098685377033605,-1.1738791381371492,-0.7877453426392297,-1.3768087276570025,-0.4441101383524565,-0.8833601103507112,-0.8661082938581436,-0.9863262556975377,-1.0173199399452033,-0.9385283206654502,-1.057973985796045,-0.8715727992598803,-0.4439119058888746,-0.551153354689082,-0.9070494682481619,-0.6302698978026245,-1.0385747795034301,-0.6446434869105382,-1.0429567196808973,-0.6386737586930575,-0.43942872831512275,-0.20845358394397817,-0.8669507818283668,-0.2760739940017179,-0.9702198680315041,-0.327529202287011,-0.964249561314616,-0.3710163525687341,-0.42689245332492204,0.11649165432357933,-0.7589705892849858,0.07101562307942014,-0.8679550567995097,-0.00582028253725107,-0.8979787903742013,-0.08844195355986871
2025-10-21T12:35:44.879900,0,null,0.24195083660389102,0.3145948460701814,0.3145948460701814,0.0,0.0,-0.11961612877207138,-0.5208595342401746,-0.3364779002582514,-0.9446308710023184,-0.5398535683701701,-1.2284707174539644,-0.7013383831222607,-1.4593456833454146,-0.4016189246713596,-0.9641178925020781,-0.7962581561395102,-1.1520465914505824,-0.9558602593261326,-1.116576604911519,-1.0191608228207585,-1.0464547407736853,-0.41259556697239685,-0.6490453446885767,-0.862956770547558,-0.8188635785304891,-0.9984026820805109,-0.8199882414924111,-1.0230660709627966,-0.7956158705194099,-0.4219528537586854,-0.3070000217321984,-0.8418181845196522,-0.459448503043266,-0.946274099079938,-0.49391138951930763,-0.9551891750587592,-0.5187941786222648,-0.42378403090271793,0.03563643135241385,-0.7509533368243462,-0.07491304961308401,-0.8473234627684006,-0.15850282850584874,-0.8728993140537552,-0.23728418062795625
2025-10-21T12:35:45.125369,0,null,0.2549965059649345,0.31368559414400216,0.31368559414400216,0.0,0.0,-0.14572589316756218,-0.5024258162770084,-0.3566375985275997,-0.8789253849748629,-0.5562989568084492,-1.0868922538426484,-0.7260559166410719,-1.217090300466877,-0.42872509810371007,-1.0010397623210148,-0.8215677682790837,-1.2421986513294354,-0.9916354009510944,-1.1249423611298448,-1.036328206582118,-0.9806018598105861,-0.41207987441541005,-0.7007169838270779,-0.8722473440327932,-0.8842172740127529,-1.0221915473131438,-0.8021219287010365,-1.0265702292158057,-0.720059645819934,-0.40661659277744194,-0.3515505445483398,-0.8374559763147105,-0.49626879363805887,-0.973687441491025,-0.49173278016902805,-0.9866139017911548,-0.4989593914397293,-0.40305706109533096,-0.001369240660934819,-0.7371717338301764,-0.09740876109098329,-0.8663023769832973,-0.16277242635848427,-0.9097255092731655,-0.2356389832076772
2025-10-21T12:35:45.342482,0,null,0.2697413532953141,0.29076526880759035,0.29076526880759035,0.0,0.0,-0.1787528862989646,-0.5110948276064213,-0.42054828833860564,-0.8271382401513602,-0.6452426167132629,-0.9349861305732297,-0.8426340190191,-0.9266201893179206,-0.5209084245708528,-1.0707707832934021,-0.9673046035459152,-1.264481036151977,-1.163059552223046,-1.0722211039025837,-1.208486873579611,-0.8796894543433006,-0.4589503181619885,-0.8062144698475044,-0.9677451320249444,-0.9479240153686912,-1.1661258272297088,-0.7412218622403763,-1.188432270679703,-0.5626397345375176,-0.4078588542255933,-0.45212837900256014,-0.8880375612674438,-0.5545886614738272,-1.093509145545311,-0.4078270804171943,-1.1434020194319696,-0.30464092016824346,-0.36734499360139217,-0.08263199108408509,-0.7347354954961042,-0.10923281848344282,-0.9030784621942968,-0.08981205181301742,-0.9648830293612844,-0.09338527280787894
2025-10-21T12:35:45.557351,0,null,0.2792497055303862,0.26740082814418387,0.2792497055303862,0.0,0.0,-0.21286980887189627,-0.48318895084198005,-0.4790167280308166,-0.7980968964776929,-0.7242920742953383,-0.9020022560967842,-0.937768495804945,-0.913984456534206,-0.5516213451245554,-1.1186679830366055,-0.9935380113595782,-1.31833318803119,-1.2016462738831124,-1.0708747192971035,-1.2699250939950921,-0.8197998403164554,-0.45382693547648817,-0.891089845434241,-0.9592680259055872,-0.9991322093264163,-1.194835435509888,-0.7114373078962837,-1.2664983302399468,-0.4824382623666712,-0.36770394934800094,-0.5611484932893009,-0.8379431504609541,-0.5990301931847765,-1.07213020681822,-0.37412247455158704,-1.1620943614999224,-0.20809524233672894,-0.2976139358731457,-0.19540290810421115,-0.6630056281119568,-0.1684159028793964,-0.867668236937194,-0.08067072954239421,-0.9823126893223398,-0.018060066327219727
2025-10-21T12:35:45.779630,0,null,0.3205847371971469,0.20944620503086359,0.3205847371971469,0.0,0.0,-0.31726203416284077,-0.25717486573764925,-0.5604458747406283,-0.5003964490445361,-0.75477946837748,-0.6604034953775031,-0.9179323618846356,-0.7421745124069549,-0.5126987194831711,-1.0060761364638795,-0.8590382727334845,-1.1248658915231171,-1.0290034499559042,-0.8828148905926305,-1.1202207469722942,-0.6223848539137465,-0.3964808618211291,-0.918042987125099,-0.7868178394891223,-0.8736692509650694,-0.973830087379804,-0.5199421627490819,-1.0450751592603487,-0.24431482097734955,-0.2910672786945048,-0.7104947901841429,-0.6411193778298181,-0.6391210583600676,-0.8037332754174716,-0.2967857669649845,-0.862960913612978,-0.045309309622235006,-0.20166832596674147,-0.43153772163684656,-0.4721634002800637,-0.29677609887674233,-0.6481841473880222,-0.09946101556581936,-0.7543977648166875,0.04299082769184903
2025-10-21T12:35:45.992954,0,null,0.3372303881028657,0.2101050511269983,0.3372303881028657,0.0,0.0,-0.37059736901815343,-0.13564614423606933,-0.6137376612720901,-0.32288207026343235,-0.7809654111803852,-0.4698250341374076,-0.9307801692415887,-0.5650774701167707,-0.5511944803319221,-0.9483124656847154,-0.8159366813604065,-1.024969645457166,-0.9501630125298828,-0.7695305517061778,-1.0209175311331633,-0.48980086545488377,-0.4024780315444406,-0.9154296445517329,-0.7102103623344556,-0.8370270827261755,-0.8480029288138595,-0.44883396489455973,-0.8915977119428511,-0.1553796546629319,-0.24968348654315325,-0.7594336711830609,-0.5152855644008393,-0.6913665990726907,-0.6484888807527578,-0.305392900222428,-0.6930973110791739,-0.01752451955094067,-0.11045820442602947,-0.5079496573513003,-0.31870075348061233,-0.4153000057885499,-0.45724679476430935,-0.17262809454126976,-0.529805375607191,0.01739160539358003
2025-10-21T12:35:46.212253,0,null,0.3499108840504619,0.17422581796063422,0.3499108840504619,0.0,0.0,-0.3158644700915034,-0.08264585312164706,-0.5587205466008319,-0.20897412996393522,-0.7308026102264895,-0.31408609588304254,-0.8919740755354685,-0.4063680458053047,-0.4957708692073174,-0.881830188168242,-0.6792392973531242,-0.9929175936331921,-0.7663041719034964,-0.7913276345085835,-0.8081399141304667,-0.5744078852962137,-0.34327306638115634,-0.9392356476929942,-0.547660387694591,-0.8594388556655628,-0.6354848188154161,-0.5297114135235642,-0.6681721544102409,-0.28504647152384816,-0.18023941842400756,-0.8827591502128628,-0.35204314263811104,-0.7760593380117471,-0.4457222405735721,-0.44627363878360926,-0.49575468668338984,-0.1848030605139381,-0.018346042205502157,-0.7404628956418174,-0.1639965933020175,-0.5964210577660592,-0.2595528640130761,-0.3575169239421993,-0.3228781463040673,-0.16590221325125615
2025-10-21T12:35:46.418883,0,null,0.31652983720379313,0.1695259329671545,0.31652983720379313,0.0,0.0,-0.292638374459127,-0.028762697197833597,-0.566695787418627,-0.12089808409188386,-0.7603511952365318,-0.19844686823663737,-0.9214512234320131,-0.2932213715688301,-0.5034172510024011,-0.8388823747047095,-0.6599273067983303,-1.1280764338752125,-0.7399427185722831,-0.9410701306902589,-0.7806982839622266,-0.6852132999792231,-0.34005773239370024,-0.9404045611540038,-0.5233193713268592,-1.0851727614022788,-0.5798177417443867,-0.6980925271491665,-0.5838616251199921,-0.39397460818043956,-0.1603051862057989,-0.9387979295842407,-0.3067664507348685,-1.0837311805323393,-0.36509195970389763,-0.6671484867605058,-0.3875490234341865,-0.3463985791879616,0.03166374806091054,-0.8619145266691822,-0.07236639930749915,-0.7939435790847742,-0.1494269045422203,-0.5042964543309554,-0.19335863667937384,-0.30933664697205776
2025-10-21T12:35:46.639159,0,null,0.304202706564329,0.17685424895361898,0.304202706564329,0.0,0.0,-0.26079797915710445,0.03918294542105821,-0.5331217716899888,-0.05515339960018688,-0.7411126999340911,-0.12682274271103666,-0.8933398840134488,-0.2574972200769945,-0.5273919783990202,-0.8081759499394426,-0.6861891347397554,-1.211974623544936,-0.7216381037990865,-1.0793694783886505,-0.7085269620535353,-0.8244599037343956,-0.3613588590505407,-0.9324268201771608,-0.4998334027954666,-1.2722880308843307,-0.4879237483275619,-0.9116041756941118,-0.45372897366878784,-0.5816080141478925,-0.17267284527437798,-0.9699247051631635,-0.26959889305959156,-1.341016747598749,-0.24688388652052318,-0.9454689920072308,-0.224839377284799,-0.607168617512346,0.037601339859224696,-0.9451917407844862,0.011188409414248968,-1.1408513575774002,-0.013508698445868461,-0.8330617453808343,-0.038095297691407834,-0.5612554231513199
2025-10-21T12:35:46.848048,0,null,0.2954207364829134,0.17623501978137424,0.2954207364829134,0.0,0.0,-0.2558411323374854,0.07507801869535649,-0.5279049290695621,-0.0117383047299661,-0.7436914848723565,-0.07958840564319665,-0.8620310852706401,-0.31472796149237114,-0.5522279296386954,-0.7944963381842705,-0.6969273168391003,-1.2529278910917159,-0.7457803256717744,-1.168451501132176,-0.7274397667662694,-0.9246121745469731,-0.3866365027301736,-0.9222321913469408,-0.5213268863202697,-1.3834937573397756,-0.491383606671779,-1.1096913784413138,-0.4446628174438811,-0.8175284662106937,-0.19745023389688246,-0.9800073125133407,-0.2959899316726525,-1.4445365131209706,-0.2553655795736268,-1.149006295904174,-0.2074170692731453,-0.8267429315163461,0.017470359893828266,-0.971479241141777,-0.016395372568483047,-1.3524335238937792,-0.01968025782447882,-1.1261686663352644,-0.014352735240818827,-0.8320367598651464
2025-10-21T12:35:47.076349,0,null,0.30504802384415625,0.16776650237078974,0.30504802384415625,0.0,0.0,-0.23701836491899655,0.053202350515878655,-0.5031971796240209,-0.07210870288554105,-0.7128536992791346,-0.1784506823473246,-0.7830100223292306,-0.4799417409475794,-0.5167133848619191,-0.8063401016278838,-0.6501250951106048,-1.2362973430723976,-0.7309278673294254,-1.229621403756171,-0.7337470162751621,-1.0194722950733195,-0.366048358012973,-0.9305958304204927,-0.5100537609696577,-1.4000306337288217,-0.5301102041831381,-1.244161475120744,-0.49314140742112395,-0.9702305869978404,-0.19484836731233535,-0.9850825076635911,-0.306881596520617,-1.456807332156009,-0.31425343263267386,-1.244831677566258,-0.2688957724323926,-0.9422010794143303,0.005830175093075515,-0.9778408041546574,-0.0652255479152424,-1.340111701882528,-0.09468983583618983,-1.1972686019133478,-0.08133053222037556,-0.9403960268803189
2025-10-21T12:35:47.278295,0,null,0.3157930390140609,0.15955757343443822,0.3157930390140609,0.0,0.0,-0.2562437134632489,0.027055593838796323,-0.518373468155031,-0.12420632281192201,-0.7238981354497205,-0.2909006713679974,-0.7668738806274006,-0.6011159005348414,-0.4955963666224201,-0.8147751390935143,-0.6209038330779934,-1.189175491435482,-0.6869911375422353,-1.1879864865703498,-0.6784135796255866,-1.026237752742209,-0.35906323712156835,-0.933313233457975,-0.4895997202901537,-1.3713502133582596,-0.5110771174809439,-1.225100821860857,-0.4781298200362902,-0.9769780899560134,-0.20479667431670473,-0.9878570267631386,-0.3102231564950979,-1.4092208535133726,-0.3256089681604855,-1.2037006217475872,-0.2847309450355205,-0.9372208400494235,-0.022688390954531415,-0.9926674050459795,-0.1136980829736229,-1.3106332962942244,-0.14313734892000768,-1.1536878627772695,-0.11946125061422039,-0.9196755864184868
2025-10-21T12:35:47.504300,0,null,0.29308976944033044,0.1426600882089752,0.29308976944033044,0.0,0.0,-0.28620074601121936,0.007935158019783608,-0.5535919197523189,-0.15206548073684653,-0.7545924679821927,-0.3442887302113996,-0.788924802919015,-0.668949337932796,-0.4941202297891359,-0.8220202627161278,-0.6245393787484953,-1.2296352918019327,-0.684401329052537,-1.1709683231356636,-0.6668910654420035,-0.9864115845155609,-0.3646737828674664,-0.9311353457414944,-0.5013850917779292,-1.400516649170841,-0.5338649611363869,-1.2022269765760094,-0.49724800677840447,-0.9517471520609574,-0.21773354502291808,-0.9859483155960841,-0.32791020125270476,-1.4393470446699936,-0.3667652041000826,-1.1952661475260298,-0.3255641651442391,-0.9120282482610169,-0.04080284732092888,-0.9992895656643545,-0.13267733073366628,-1.3338394802410274,-0.18670937317351013,-1.1628633540764755,-0.1706525700403695,-0.914341338994173
2025-10-21T12:35:47.714542,0,null,0.27421256370539715,0.13576612321539197,0.27421256370539715,0.0,0.0,-0.28665890424329704,0.031103200051469965,-0.5672978412949086,-0.12766982090998583,-0.776902687050631,-0.3510959201007441,-0.8020978636946263,-0.7029734903918222,-0.5184266629736155,-0.802830823772993,-0.6632251870672808,-1.2021103917300617,-0.7186408381167655,-1.160666629149512,-0.6919006198840899,-0.9880134484122027,-0.39187627990573765,-0.92001792441628,-0.541378399235398,-1.3829650305684538,-0.5579269510403229,-1.1672037114142801,-0.507871124905537,-0.9155536497752678,-0.24719839425913445,-0.9846640469153014,-0.37249413747756627,-1.443541290070056,-0.4003881374706125,-1.1975020030522887,-0.34983128138901903,-0.9253690546681274,-0.07061761694531074,-1.0140265754639364,-0.1805792353925763,-1.3473011538016073,-0.2319688228087554,-1.1809569291125044,-0.20818413784581608,-0.9451281107309036
2025-10-21T12:35:47.939101,0,null,0.2648147744973185,0.13455323297260102,0.2648147744973185,0.0,0.0,-0.29296569349461704,0.026941011769200298,-0.575267522537075,-0.10237314375682863,-0.7752646112677412,-0.3166236809297553,-0.8124706448235336,-0.6695177357309005,-0.5485257070201471,-0.777731493668764,-0.6983053080126913,-1.162861354180867,-0.7433659761623246,-1.1162843186283422,-0.7082221302487011,-0.9510423617687297,-0.42188708352887727,-0.9066483820928034,-0.5739692581493835,-1.3632665138780529,-0.5895475304796386,-1.1675675625862492,-0.5320437364380575,-0.9162300594478714,-0.2779136593991786,-0.9819112535361281,-0.40853238156720834,-1.424515084922099,-0.4363365770962556,-1.2075126008809145,-0.3733511722887518,-0.9446433228397989,-0.10340266201433582,-1.0227505367011642,-0.2178243655272553,-1.370095456583074,-0.2702001502857612,-1.2242849253222488,-0.23955476346582782,-0.9913533809743498
2025-10-21T12:35:48.144837,0,null,0.26574667950298936,0.12408581284306976,0.26574667950298936,0.0,0.0,-0.30365867570532645,-0.011234746798654664,-0.5675850604065708,-0.18171311389257044,-0.7391783791143038,-0.41154566436296824,-0.7579988789869713,-0.7381266776222118,-0.48455178092758583,-0.8301639035073695,-0.6078103434941715,-1.2189007216695873,-0.6762561711406369,-1.1707808365093364,-0.6752089554727806,-0.9986880212729426,-0.36092515648244977,-0.9325947841469622,-0.49513182167902003,-1.3935769230833996,-0.5352371089683121,-1.194169026910145,-0.4998574132202629,-0.9400838677086927,-0.22265949322608206,-0.9835772980433127,-0.34323575719084876,-1.4254275087595096,-0.3856808504015536,-1.193279039381755,-0.3329542480423095,-0.9178893551370402,-0.0508207999326486,-1.0030904091779935,-0.1612328590526432,-1.3336581987268374,-0.2208653878229589,-1.1750017728240474,-0.19496065002584534,-0.9367318355484632
2025-10-21T12:35:48.372381,0,null,0.27713439941673573,0.12207867957221648,0.27713439941673573,0.0,0.0,-0.2853647779876759,-0.05223050189683506,-0.5356467583451063,-0.2711324135765168,-0.693476010095016,-0.5031596993142848,-0.6945245000835977,-0.8023490597606376,-0.419261143489504,-0.872789520704289,-0.522082846628206,-1.2575552360320228,-0.5901931864362074,-1.208774104891469,-0.6014347197127582,-1.0339264088715108,-0.29486915154365756,-0.9555376410523677,-0.4046472362599359,-1.4052195117644268,-0.4580673172597135,-1.2210821944456354,-0.4425053600055982,-0.9686070956443964,-0.15488831798501426,-0.9827377296423043,-0.25391868132500517,-1.4113274229820125,-0.3150993088392425,-1.1869076579890885,-0.2932952336490031,-0.9171048372555279,0.011627807742087607,-0.9643212987208135,-0.08854589360391357,-1.24589796303282,-0.15739200454031246,-1.0887274856080438,-0.15149680236861554,-0.8696677089741839
2025-10-21T12:36:15.168928,3,open_palm,0.2961637522272928,0.13882617282273604,0.2961637522272928,0.0,0.0,-0.22787941980030746,-0.17311472361085684,-0.39887512209231485,-0.48169627236067597,-0.4787313733133505,-0.801335614570735,-0.4529338132683241,-1.075058467665445,-0.18711024659823566,-0.9833993743639416,-0.2177622955056391,-1.3632572411155741,-0.24547842618724938,-1.5655787964156127,-0.2712725648852893,-1.7538291565831599,-0.03596318696462043,-0.9993531153618063,-0.04367309177075631,-1.4047897772070368,-0.06265331606170278,-1.6356701208258801,-0.08880629368191086,-1.8425278790907023,0.10375435992146124,-0.9283458762376927,0.14080674276200658,-1.319176606542019,0.14291026739156446,-1.5494107180918315,0.1308137932373762,-1.7724776108442724,0.23962913037463268,-0.7894452262585547,0.3135805392084479,-1.0934643081740765,0.3476424635271218,-1.295706568726311,0.3666152413569801,-1.5045115765656918
